<annotation>
	<folder />
	<filename updated="yes">image_109.jpg</filename>
	<path updated="yes">image_109.jpg</path>
	<source>
		<database>roboflow.ai</database>
	</source>
	<size>
		<width>640</width>
		<height>640</height>
		<depth>3</depth>
	</size>
	<segmented>0</segmented>
	<object>
		<name>Energy_Regular</name>
		<pose>Unspecified</pose>
		<truncated>0</truncated>
		<difficult>0</difficult>
		<occluded>0</occluded>
		<bndbox>
			<xmin>504</xmin>
			<xmax>590</xmax>
			<ymin>144</ymin>
			<ymax>292</ymax>
		</bndbox>
	</object>
	<object>
		<name>Energy_Tiffin</name>
		<pose>Unspecified</pose>
		<truncated>0</truncated>
		<difficult>0</difficult>
		<occluded>0</occluded>
		<bndbox>
			<xmin>383</xmin>
			<xmax>498</xmax>
			<ymin>1</ymin>
			<ymax>121</ymax>
		</bndbox>
	</object>
</annotation>