<annotation>
	<folder />
	<filename updated="yes">image_135.jpg</filename>
	<path updated="yes">image_135.jpg</path>
	<source>
		<database>roboflow.ai</database>
	</source>
	<size>
		<width>640</width>
		<height>640</height>
		<depth>3</depth>
	</size>
	<segmented>0</segmented>
	<object>
		<name>Energy_Regular</name>
		<pose>Unspecified</pose>
		<truncated>0</truncated>
		<difficult>0</difficult>
		<occluded>0</occluded>
		<bndbox>
			<xmin>131</xmin>
			<xmax>191</xmax>
			<ymin>250</ymin>
			<ymax>331</ymax>
		</bndbox>
	</object>
	<object>
		<name>Energy_Tiffin</name>
		<pose>Unspecified</pose>
		<truncated>0</truncated>
		<difficult>0</difficult>
		<occluded>0</occluded>
		<bndbox>
			<xmin>46</xmin>
			<xmax>146</xmax>
			<ymin>244</ymin>
			<ymax>376</ymax>
		</bndbox>
	</object>
</annotation>