<annotation>
	<folder />
	<filename updated="yes">image_85.jpg</filename>
	<path updated="yes">image_85.jpg</path>
	<source>
		<database>roboflow.ai</database>
	</source>
	<size>
		<width>640</width>
		<height>640</height>
		<depth>3</depth>
	</size>
	<segmented>0</segmented>
	<object>
		<name>Energy_Regular</name>
		<pose>Unspecified</pose>
		<truncated>0</truncated>
		<difficult>0</difficult>
		<occluded>0</occluded>
		<bndbox>
			<xmin>489</xmin>
			<xmax>576</xmax>
			<ymin>152</ymin>
			<ymax>293</ymax>
		</bndbox>
	</object>
	<object>
		<name>Energy_Tiffin</name>
		<pose>Unspecified</pose>
		<truncated>0</truncated>
		<difficult>0</difficult>
		<occluded>0</occluded>
		<bndbox>
			<xmin>191</xmin>
			<xmax>412</xmax>
			<ymin>226</ymin>
			<ymax>548</ymax>
		</bndbox>
	</object>
</annotation>