<annotation>
	<folder />
	<filename updated="yes">image_119.jpg</filename>
	<path updated="yes">image_119.jpg</path>
	<source>
		<database>roboflow.ai</database>
	</source>
	<size>
		<width>640</width>
		<height>640</height>
		<depth>3</depth>
	</size>
	<segmented>0</segmented>
	<object>
		<name>Energy_Regular</name>
		<pose>Unspecified</pose>
		<truncated>0</truncated>
		<difficult>0</difficult>
		<occluded>0</occluded>
		<bndbox>
			<xmin>474</xmin>
			<xmax>563</xmax>
			<ymin>94</ymin>
			<ymax>205</ymax>
		</bndbox>
	</object>
	<object>
		<name>Energy_Tiffin</name>
		<pose>Unspecified</pose>
		<truncated>0</truncated>
		<difficult>0</difficult>
		<occluded>0</occluded>
		<bndbox>
			<xmin>137</xmin>
			<xmax>229</xmax>
			<ymin>222</ymin>
			<ymax>312</ymax>
		</bndbox>
	</object>
	<object>
		<name>Energy_Regular</name>
		<pose>Unspecified</pose>
		<truncated>0</truncated>
		<difficult>0</difficult>
		<occluded>0</occluded>
		<bndbox>
			<xmin>42</xmin>
			<xmax>138</xmax>
			<ymin>296</ymin>
			<ymax>412</ymax>
		</bndbox>
	</object>
	<object>
		<name>Energy_Regular</name>
		<pose>Unspecified</pose>
		<truncated>0</truncated>
		<difficult>0</difficult>
		<occluded>0</occluded>
		<bndbox>
			<xmin>271</xmin>
			<xmax>433</xmax>
			<ymin>293</ymin>
			<ymax>522</ymax>
		</bndbox>
	</object>
	<object>
		<name>Energy_Tiffin</name>
		<pose>Unspecified</pose>
		<truncated>0</truncated>
		<difficult>0</difficult>
		<occluded>0</occluded>
		<bndbox>
			<xmin>423</xmin>
			<xmax>534</xmax>
			<ymin>12</ymin>
			<ymax>136</ymax>
		</bndbox>
	</object>
</annotation>