<annotation>
	<folder />
	<filename updated="yes">image_374.jpg</filename>
	<path updated="yes">image_374.jpg</path>
	<source>
		<database>roboflow.ai</database>
	</source>
	<size>
		<width>640</width>
		<height>640</height>
		<depth>3</depth>
	</size>
	<segmented>0</segmented>
	<object>
		<name>Energy_Regular</name>
		<pose>Unspecified</pose>
		<truncated>0</truncated>
		<difficult>0</difficult>
		<occluded>0</occluded>
		<bndbox>
			<xmin>466</xmin>
			<xmax>558</xmax>
			<ymin>91</ymin>
			<ymax>200</ymax>
		</bndbox>
	</object>
	<object>
		<name>Energy_Tiffin</name>
		<pose>Unspecified</pose>
		<truncated>0</truncated>
		<difficult>0</difficult>
		<occluded>0</occluded>
		<bndbox>
			<xmin>52</xmin>
			<xmax>153</xmax>
			<ymin>236</ymin>
			<ymax>347</ymax>
		</bndbox>
	</object>
	<object>
		<name>Energy_Regular</name>
		<pose>Unspecified</pose>
		<truncated>0</truncated>
		<difficult>0</difficult>
		<occluded>0</occluded>
		<bndbox>
			<xmin>97</xmin>
			<xmax>233</xmax>
			<ymin>309</ymin>
			<ymax>469</ymax>
		</bndbox>
	</object>
</annotation>