<annotation>
	<folder />
	<filename updated="yes">image_439.jpg</filename>
	<path updated="yes">image_439.jpg</path>
	<source>
		<database>roboflow.ai</database>
	</source>
	<size>
		<width>640</width>
		<height>640</height>
		<depth>3</depth>
	</size>
	<segmented>0</segmented>
	<object>
		<name>Energy_Tiffin</name>
		<pose>Unspecified</pose>
		<truncated>0</truncated>
		<difficult>0</difficult>
		<occluded>0</occluded>
		<bndbox>
			<xmin>37</xmin>
			<xmax>136</xmax>
			<ymin>241</ymin>
			<ymax>357</ymax>
		</bndbox>
	</object>
	<object>
		<name>Energy_Regular</name>
		<pose>Unspecified</pose>
		<truncated>0</truncated>
		<difficult>0</difficult>
		<occluded>0</occluded>
		<bndbox>
			<xmin>405</xmin>
			<xmax>544</xmax>
			<ymin>223</ymin>
			<ymax>417</ymax>
		</bndbox>
	</object>
	<object>
		<name>Energy_Regular</name>
		<pose>Unspecified</pose>
		<truncated>0</truncated>
		<difficult>0</difficult>
		<occluded>0</occluded>
		<bndbox>
			<xmin>83</xmin>
			<xmax>231</xmax>
			<ymin>318</ymin>
			<ymax>487</ymax>
		</bndbox>
	</object>
</annotation>