<annotation>
	<folder />
	<filename updated="yes">image_201.jpg</filename>
	<path updated="yes">image_201.jpg</path>
	<source>
		<database>roboflow.ai</database>
	</source>
	<size>
		<width>640</width>
		<height>640</height>
		<depth>3</depth>
	</size>
	<segmented>0</segmented>
	<object>
		<name>Energy_Regular</name>
		<pose>Unspecified</pose>
		<truncated>0</truncated>
		<difficult>0</difficult>
		<occluded>0</occluded>
		<bndbox>
			<xmin>421</xmin>
			<xmax>502</xmax>
			<ymin>41</ymin>
			<ymax>133</ymax>
		</bndbox>
	</object>
</annotation>