<annotation>
	<folder />
	<filename updated="yes">image_15.jpg</filename>
	<path updated="yes">image_15.jpg</path>
	<source>
		<database>roboflow.ai</database>
	</source>
	<size>
		<width>640</width>
		<height>640</height>
		<depth>3</depth>
	</size>
	<segmented>0</segmented>
	<object>
		<name>Energy_Regular</name>
		<pose>Unspecified</pose>
		<truncated>0</truncated>
		<difficult>0</difficult>
		<occluded>0</occluded>
		<bndbox>
			<xmin>455</xmin>
			<xmax>537</xmax>
			<ymin>66</ymin>
			<ymax>150</ymax>
		</bndbox>
	</object>
	<object>
		<name>Energy_Tiffin</name>
		<pose>Unspecified</pose>
		<truncated>0</truncated>
		<difficult>0</difficult>
		<occluded>0</occluded>
		<bndbox>
			<xmin>483</xmin>
			<xmax>613</xmax>
			<ymin>117</ymin>
			<ymax>338</ymax>
		</bndbox>
	</object>
	<object>
		<name>Energy_Regular</name>
		<pose>Unspecified</pose>
		<truncated>0</truncated>
		<difficult>0</difficult>
		<occluded>0</occluded>
		<bndbox>
			<xmin>80</xmin>
			<xmax>143</xmax>
			<ymin>267</ymin>
			<ymax>327</ymax>
		</bndbox>
	</object>
	<object>
		<name>Energy_Regular</name>
		<pose>Unspecified</pose>
		<truncated>0</truncated>
		<difficult>0</difficult>
		<occluded>0</occluded>
		<bndbox>
			<xmin>416</xmin>
			<xmax>553</xmax>
			<ymin>224</ymin>
			<ymax>423</ymax>
		</bndbox>
	</object>
	<object>
		<name>Energy_Regular</name>
		<pose>Unspecified</pose>
		<truncated>0</truncated>
		<difficult>0</difficult>
		<occluded>0</occluded>
		<bndbox>
			<xmin>39</xmin>
			<xmax>155</xmax>
			<ymin>310</ymin>
			<ymax>462</ymax>
		</bndbox>
	</object>
</annotation>