<annotation>
	<folder />
	<filename updated="yes">image_177.jpg</filename>
	<path updated="yes">image_177.jpg</path>
	<source>
		<database>roboflow.ai</database>
	</source>
	<size>
		<width>640</width>
		<height>640</height>
		<depth>3</depth>
	</size>
	<segmented>0</segmented>
	<object>
		<name>Energy_Tiffin</name>
		<pose>Unspecified</pose>
		<truncated>0</truncated>
		<difficult>0</difficult>
		<occluded>0</occluded>
		<bndbox>
			<xmin>39</xmin>
			<xmax>151</xmax>
			<ymin>247</ymin>
			<ymax>390</ymax>
		</bndbox>
	</object>
</annotation>