<annotation>
	<folder />
	<filename updated="yes">image_127.jpg</filename>
	<path updated="yes">image_127.jpg</path>
	<source>
		<database>roboflow.ai</database>
	</source>
	<size>
		<width>640</width>
		<height>640</height>
		<depth>3</depth>
	</size>
	<segmented>0</segmented>
	<object>
		<name>Energy_Regular</name>
		<pose>Unspecified</pose>
		<truncated>0</truncated>
		<difficult>0</difficult>
		<occluded>0</occluded>
		<bndbox>
			<xmin>480</xmin>
			<xmax>580</xmax>
			<ymin>128</ymin>
			<ymax>253</ymax>
		</bndbox>
	</object>
	<object>
		<name>Energy_Tiffin</name>
		<pose>Unspecified</pose>
		<truncated>0</truncated>
		<difficult>0</difficult>
		<occluded>0</occluded>
		<bndbox>
			<xmin>380</xmin>
			<xmax>585</xmax>
			<ymin>167</ymin>
			<ymax>466</ymax>
		</bndbox>
	</object>
	<object>
		<name>Energy_Regular</name>
		<pose>Unspecified</pose>
		<truncated>0</truncated>
		<difficult>0</difficult>
		<occluded>0</occluded>
		<bndbox>
			<xmin>45</xmin>
			<xmax>114</xmax>
			<ymin>280</ymin>
			<ymax>367</ymax>
		</bndbox>
	</object>
	<object>
		<name>Energy_Regular</name>
		<pose>Unspecified</pose>
		<truncated>0</truncated>
		<difficult>0</difficult>
		<occluded>0</occluded>
		<bndbox>
			<xmin>245</xmin>
			<xmax>414</xmax>
			<ymin>282</ymin>
			<ymax>511</ymax>
		</bndbox>
	</object>
</annotation>