<annotation>
	<folder />
	<filename updated="yes">image_176.jpg</filename>
	<path updated="yes">image_176.jpg</path>
	<source>
		<database>roboflow.ai</database>
	</source>
	<size>
		<width>640</width>
		<height>640</height>
		<depth>3</depth>
	</size>
	<segmented>0</segmented>
	<object>
		<name>Energy_Tiffin</name>
		<pose>Unspecified</pose>
		<truncated>0</truncated>
		<difficult>0</difficult>
		<occluded>0</occluded>
		<bndbox>
			<xmin>23</xmin>
			<xmax>221</xmax>
			<ymin>261</ymin>
			<ymax>481</ymax>
		</bndbox>
	</object>
</annotation>