<annotation>
	<folder />
	<filename updated="yes">image_349.jpg</filename>
	<path updated="yes">image_349.jpg</path>
	<source>
		<database>roboflow.ai</database>
	</source>
	<size>
		<width>640</width>
		<height>640</height>
		<depth>3</depth>
	</size>
	<segmented>0</segmented>
	<object>
		<name>Energy_Regular</name>
		<pose>Unspecified</pose>
		<truncated>0</truncated>
		<difficult>0</difficult>
		<occluded>0</occluded>
		<bndbox>
			<xmin>90</xmin>
			<xmax>163</xmax>
			<ymin>257</ymin>
			<ymax>334</ymax>
		</bndbox>
	</object>
</annotation>