<annotation>
	<folder />
	<filename updated="yes">image_291.jpg</filename>
	<path updated="yes">image_291.jpg</path>
	<source>
		<database>roboflow.ai</database>
	</source>
	<size>
		<width>640</width>
		<height>640</height>
		<depth>3</depth>
	</size>
	<segmented>0</segmented>
	<object>
		<name>Energy_Regular</name>
		<pose>Unspecified</pose>
		<truncated>0</truncated>
		<difficult>0</difficult>
		<occluded>0</occluded>
		<bndbox>
			<xmin>513</xmin>
			<xmax>597</xmax>
			<ymin>156</ymin>
			<ymax>306</ymax>
		</bndbox>
	</object>
	<object>
		<name>Energy_Regular</name>
		<pose>Unspecified</pose>
		<truncated>0</truncated>
		<difficult>0</difficult>
		<occluded>0</occluded>
		<bndbox>
			<xmin>406</xmin>
			<xmax>469</xmax>
			<ymin>19</ymin>
			<ymax>98</ymax>
		</bndbox>
	</object>
</annotation>