<annotation>
	<folder />
	<filename updated="yes">image_36.jpg</filename>
	<path updated="yes">image_36.jpg</path>
	<source>
		<database>roboflow.ai</database>
	</source>
	<size>
		<width>640</width>
		<height>640</height>
		<depth>3</depth>
	</size>
	<segmented>0</segmented>
	<object>
		<name>Energy_Tiffin</name>
		<pose>Unspecified</pose>
		<truncated>0</truncated>
		<difficult>0</difficult>
		<occluded>0</occluded>
		<bndbox>
			<xmin>433</xmin>
			<xmax>593</xmax>
			<ymin>145</ymin>
			<ymax>407</ymax>
		</bndbox>
	</object>
	<object>
		<name>Energy_Regular</name>
		<pose>Unspecified</pose>
		<truncated>0</truncated>
		<difficult>0</difficult>
		<occluded>0</occluded>
		<bndbox>
			<xmin>72</xmin>
			<xmax>136</xmax>
			<ymin>274</ymin>
			<ymax>363</ymax>
		</bndbox>
	</object>
	<object>
		<name>Energy_Regular</name>
		<pose>Unspecified</pose>
		<truncated>0</truncated>
		<difficult>0</difficult>
		<occluded>0</occluded>
		<bndbox>
			<xmin>99</xmin>
			<xmax>236</xmax>
			<ymin>308</ymin>
			<ymax>483</ymax>
		</bndbox>
	</object>
</annotation>